"pilar_id","judul_materi","sub_judul","ikon","nama_bab","poin_penjelasan","istilah_penting","fakta_menarik"
"1","Pengelolaan & Pemisahan Sampah","Belajar memilah sampah untuk bumi yang lebih bersih!","♻️","3 Jenis Sampah","• Organik: sisa buah, daun kering, sisa nasi | • Anorganik: botol plastik, kaleng, kaca | • B3: baterai bekas, obat kadaluarsa, lampu pecah","Organik: Sampah dari makhluk hidup yang bisa membusuk alami.","🐢 Penyu laut sering mengira kantong plastik sebagai ubur-ubur!"
"1","Pengelolaan & Pemisahan Sampah","Belajar memilah sampah untuk bumi yang lebih bersih!","♻️","Jurus 3R","• Reduce: kurangi belanja plastik sekali pakai | • Reuse: pakai ulang wadah/botol bekas | • Recycle: olah sampah kertas/plastik jadi barang baru","3R: Reduce (Kurangi), Reuse (Pakai Ulang), Recycle (Daur Ulang).","⏳ Kaleng aluminium bisa didaur ulang tanpa batas!"
"1","Pengelolaan & Pemisahan Sampah","Belajar memilah sampah untuk bumi yang lebih bersih!","♻️","Kompos & Bank Sampah","• Kompos: pupuk alami dari sampah organik dapur | • Bank Sampah: tempat menabung dengan menyetorkan sampah terpilah","Kompos: Pupuk alami hasil pembusukan sampah organik.","🌱 1 Pohon bisa menyerap 22 kg CO2 per tahun!"
"2","Ekonomi Sirkular & UMKM Desa","Kreatif mengolah limbah jadi cuan!","💡","Apa Itu UMKM?","• UMKM = Usaha Mikro, Kecil, dan Menengah | • Usaha kreatif milik warga lokal desa | • Menyumbang 60% ekonomi Indonesia","UMKM: Usaha Ekonomi Produktif yang dijalankan oleh masyarakat lokal.","💰 UMKM menyerap 97% tenaga kerja di Indonesia!"
"2","Ekonomi Sirkular & UMKM Desa","Kreatif mengolah limbah jadi cuan!","💡","Upcycling Limbah","• Kain perca -> tas & keset cantik | • Botol bekas -> pot bunga gantung | • Minyak jelantah -> sabun cuci","Upcycling: Mengubah barang bekas jadi barang baru bernilai lebih tinggi.","🫧 1 Liter minyak jelantah bisa mencemari 1 juta liter air bersih!"
"2","Ekonomi Sirkular & UMKM Desa","Kreatif mengolah limbah jadi cuan!","💡","Bungkus Alami","• Daun Pisang: alami, harum, dan 100% ramah lingkungan | • Daun Jati: kuat & tahan panas untuk nasi lauk | • Anyaman Bambu: wadah oleh-oleh tradisional","Bungkus Alami: Pengganti styrofoam yang ramah lingkungan dan sehat.","🍃 Daun pisang terurai penuh dalam waktu kurang dari 2 bulan."
"3","Ketahanan Pangan & Gizi Desa","Menanam, memelihara & menjaga gizi desa!","🌾","Isi Piringku & Gizi","• 1/2 piring: Sayuran & Buah-buahan segar | • 1/2 piring: Karbohidrat & Lauk-pauk berkecukupan | • Minum air putih 8 gelas sehari","Gizi Seimbang: Porsi makan sehat untuk mendukung pertumbuhan anak.","🍳 Sarapan pagi terbukti meningkatkan fokus belajar hingga 20%!"
"3","Ketahanan Pangan & Gizi Desa","Menanam, memelihara & menjaga gizi desa!","🌾","Kebun Gizi & Budikdamber","• Kebun Gizi: menanam sayur kangkung/bayam di pekarangan | • Budikdamber: Budidaya Ikan & Sayur dalam 1 Ember","Budikdamber: Sistem ternak ikan dan tanam sayur hemat lahan.","🥬 Kangkung bisa dipanen hanya dalam 3-4 minggu dari penanaman!"
"3","Ketahanan Pangan & Gizi Desa","Menanam, memelihara & menjaga gizi desa!","🌾","Pangan Lokal & Protein Ikan","• Karbohidrat lokal: singkong, ubi jalar, jagung, talas | • Protein ikan lele/nila: kaya omega-3 untuk kecerdasan otak","Diversifikasi Pangan: Mengonsumsi beragam jenis bahan pangan lokal.","🐟 Ikan lele kaya protein dan bisa dipanen dalam 2-3 bulan."
